avg_difficult_words,4.59,std_difficult_words,2.842868269899258,avg_FRE,57.66550000000001,std_FRE,30.32374025000874,avg_FKGL,8.226999999999999,std_FKGL,4.951946183067824,avg_CLI,10.238199999999999,std_CLI,7.63800397747998,avg_DCR,11.441300000000002,std_DCR,3.047077174933382,avg_ARI,10.279000000000002,std_ARI,5.31791867181137,avg_SI,0.21400000000000002,std_SI,1.1534314023816068,avg_LWF,7.388333333333333,std_LWF,4.851678117471887,avg_GF,10.208599999999997,std_GF,5.845631192608716,Input_file_path,experiments/x_ablation_study/WordCount/level-3_prompt-gold-filtered_wiki.valid_v1.1.src-100_gpt-4o-2024-05-13_examples_5_temp_0_chain_False/maxdepdepth_-1_maxdeplength_-1_diffwordscount_-1_avgwordcount_-1_length_-1_leven_-1_grade_-1/output.txt

